NAME,the_geom,LINE
W 4th St - Washington Sq (Lower),POINT (-74.00030814706824 40.73225482650675),B-D-F-M
Buhre Ave,POINT (-73.83256899924748 40.846810332614844),6-6 Express
51st St,POINT (-73.97192000013308 40.757107333148234),4-6-6 Express
86th St,POINT (-73.97621799811347 40.78864433404891),2-Jan
Brooklyn Bridge - City Hall,POINT (-74.00413100111697 40.713065332984044),4-5-6-6 Express
33rd St,POINT (-73.98207600124924 40.7460813321576),4-6-6 Express
Lexington Ave - 59th St,POINT (-73.96796700066442 40.76252633389173),4-5-6-6 Express
233rd St,POINT (-73.85736239433544 40.89314357506239),5-Feb
66th St - Lincoln Ctr,POINT (-73.98220900041213 40.773440334231445),2-Jan
Hunts Point Ave,POINT (-73.89054899975386 40.82094833186627),6-6 Express
Canal St,POINT (-74.00627700023756 40.722854331339036),2-Jan
Middletown Rd,POINT (-73.83632199732654 40.843863334673635),6-6 Express
23rd St,POINT (-73.98659900183978 40.7398643335507),4-6-6 Express
45th Rd - Court House Sq,POINT (-73.94526400065335 40.747023331863446),7-7 Express
Astor Pl,POINT (-73.99106999895504 40.73005433376933),4-6-6 Express
59th St - Columbus Circle,POINT (-73.98192900168259 40.76824733393756),2-Jan
Hunters Point Ave,POINT (-73.9489160011607 40.74221633326165),7-7 Express
96th St,POINT (-73.95107000070685 40.785672333485294),4-6-6 Express
Mets - Willets Point,POINT (-73.84562499786716 40.75462233245772),7-7 Express
23rd St,POINT (-73.99565700196479 40.74408133288406),2-Jan
Houston St,POINT (-74.00536700184291 40.72825133360782),2-Jan
3rd Ave - 138th St,POINT (-73.92613800022275 40.81047633454132),6-6 Express
Zerega Ave,POINT (-73.84703599804547 40.83648833366287),6-6 Express
104th St,POINT (-73.8376829999374 40.681711334202696),A-S
Bleecker St (Downtown),POINT (-73.99467467829572 40.72593123822929),4-6-6 Express
Castle Hill Ave,POINT (-73.85122199920897 40.83425533183211),6-6 Express
Broad Channel,POINT (-73.81583268677743 40.608402513981986),A-S
Ocean Pkwy,POINT (-73.9685010000048 40.5763120005781),Q
50th St,POINT (-73.98384899991842 40.76172833308103),2-Jan
Vernon Blvd - Jackson Ave,POINT (-73.95358099882006 40.74262633257131),7-7 Express
68th St - Hunter College,POINT (-73.96387000148661 40.768141333903976),4-6-6 Express
Queensboro Plz,POINT (-73.94016353439743 40.75063598438094),7-7 Express-N-W
Rockaway Blvd,POINT (-73.8438529971175 40.68042933335036),A-S
Union Sq - 14th St,POINT (-73.98995099886989 40.734673334561),4-5-6-6 Express
Junction Blvd,POINT (-73.8695269997965 40.74914533273112),7-7 Express
Classon Ave,POINT (-73.95999000126959 40.68888933367643),G
Bedford - Nostrand Aves,POINT (-73.95352199987617 40.68962733491343),G
15th St - Prospect Park,POINT (-73.979735806077 40.660036021685464),F-G
7th Ave,POINT (-73.9802511788693 40.666245023690635),F-G
Ft Hamilton Pkwy,POINT (-73.97577599885992 40.65078200098824),F-G
Church Ave,POINT (-73.97972116167199 40.64427233346608),F-G
Beverly Rd,POINT (-73.9643577954928 40.64390493165595),B-Q
Church Ave,POINT (-73.96288246144869 40.6504935798757),B-Q
Newkirk Ave,POINT (-73.96269486847974 40.63514227039474),B-Q
Parkside Ave,POINT (-73.96145344000783 40.65507337471708),B-Q
Prospect Park,POINT (-73.96203130451713 40.66163378817137),B-Q-S
Grand Army Plaza,POINT (-73.97095633144298 40.67529502884244),2/3/04
Bergen St,POINT (-73.97499915098913 40.68086247045291),2/3/04
Atlantic Ave,POINT (-73.97754993550333 40.68442049853399),2-3-4-5
Rockaway Ave,POINT (-73.91194599727318 40.67834033324111),A-C
Fulton St,POINT (-73.97537499873913 40.687119332657794),G
Clinton - Washington Aves,POINT (-73.96679599830863 40.688094334588634),G
7th Ave,POINT (-73.97285279146314 40.677102512887046),B-Q
Atlantic Ave,POINT (-73.97678343931106 40.68448865643635),B-Q
Union St,POINT (-73.98310999931782 40.67731600045995),D-N-R
Atlantic Av - Pacific St,POINT (-73.9788099993486 40.68366600047985),D-N-R
Borough Hall,POINT (-73.99015100058315 40.69240433310098),5-Apr
Aqueduct Racetrack (To Manh Only),POINT (-73.83591899879411 40.672097332305505),A
DeKalb Ave,POINT (-73.98182400036215 40.69063500033928),B-D-N-Q-R
Morris Park,POINT (-73.86049499998204 40.85436433270016),5
Pelham Pkwy,POINT (-73.85535900005993 40.8589853329393),5
Nostrand Ave,POINT (-73.95042600048545 40.68043833310734),A-C
Nevins St,POINT (-73.98040679867199 40.68831091310594),2-3-4-5
Eastern Pkwy - Bklyn Museum,POINT (-73.96422203701749 40.672032568925616),2/3/04
Franklin Ave,POINT (-73.95809973659013 40.67076548645792),2-3-4-5
Beverly Rd,POINT (-73.94884798335576 40.64512385265653),5-Feb
Church Ave,POINT (-73.94945514032199 40.65086102070915),5-Feb
Newkirk Ave,POINT (-73.9482999075323 40.63999157603046),5-Feb
Brooklyn College - Flatbush Ave,POINT (-73.94754120719483 40.63284274046751),5-Feb
Winthrop St,POINT (-73.9500793454169 40.65665964750449),5-Feb
Sterling St,POINT (-73.95072891150406 40.66277332699014),5-Feb
Crown Hts - Utica Ave,POINT (-73.93293256066349 40.66897864436661),4-Mar
Kingston Ave,POINT (-73.94215978326203 40.66948178160432),4-Mar
Kingston - Throop Aves,POINT (-73.94085899839129 40.67991933291405),A-C
Nassau Ave,POINT (-73.95118299979704 40.72448033118355),G
Greenpoint Ave,POINT (-73.95442500175076 40.73126733272315),G
Marcy Ave,POINT (-73.95783199999856 40.7083833336101),J-M-Z
Hewes St,POINT (-73.95348800040841 40.706890331217984),J-M
Essex St,POINT (-73.98740940233358 40.718306389085505),J-M-Z
138th St - Grand Concourse,POINT (-73.9298489994812 40.81322433279863),5-Apr
5th Ave - 53rd St,POINT (-73.9752485046603 40.76008716596106),E-M
Lexington Ave - 53rd St,POINT (-73.96907237417739 40.75746864157252),E-M
28th St,POINT (-73.98869800066268 40.74545433330924),N-R
Herald Sq - 34th St,POINT (-73.98793683324304 40.749644893078916),N-Q-R
1st Ave,POINT (-73.98168087509058 40.730975308760705),L
Grand Central - 42nd St,POINT (-73.97918900000734 40.75276900017257),S
Times Sq - 42nd St,POINT (-73.9862289999369 40.755983333482924),S
42nd St - Bryant Pk,POINT (-73.984590998399 40.75418433462967),B-D-F-M
Times Sq - 42nd St,POINT (-73.986768002027 40.754612332230856),N-Q-R
Metropolitan Ave,POINT (-73.95142399956148 40.71277433427003),G
Grand St,POINT (-73.94049699898235 40.711576333817),L
Graham Ave,POINT (-73.9439439978816 40.71457633149971),L
Lorimer St,POINT (-73.95024800019331 40.7140723341722),L
Bedford Ave,POINT (-73.95666499837023 40.71717433231373),L
Broadway,POINT (-73.95031225595987 40.70612690984066),G
Lorimer St,POINT (-73.94735499813589 40.70384433379361),J-M
Montrose Ave,POINT (-73.93979284651334 40.70739139725247),L
23rd St - Ely Av,POINT (-73.94605470270504 40.74776845479483),E-M
Long Island City - Court Sq,POINT (-73.94381559557159 40.74630536706204),G
21st St,POINT (-73.94959999937976 40.74412900001313),G
39th Ave,POINT (-73.9328513760691 40.752763394559445),N-Q
36th Ave,POINT (-73.92986199833236 40.75644233343755),N-Q
145th St,POINT (-73.95035999809508 40.82655133277471),1
157th St,POINT (-73.94488999874277 40.83404133354386),1
96th St,POINT (-73.97232299948297 40.79391933441861),1/2/03
103rd St,POINT (-73.96837899924829 40.79944633394733),1
Central Park North (110th St),POINT (-73.95182200107378 40.79907533284112),3-Feb
103rd St,POINT (-73.96137008216188 40.79606107356255),A-B-C
Cathedral Pkwy (110th St),POINT (-73.95806670664349 40.80058189158562),A-B-C
72nd St,POINT (-73.98197000104193 40.77845333395168),1/2/03
72nd St,POINT (-73.97633657548654 40.77551973103465),A-B-C
81st St,POINT (-73.97209794941429 40.78134641772443),A-B-C
75th Ave,POINT (-73.83692369317724 40.71804498706881),E-F
Kew Gardens - Union Tpke,POINT (-73.83037027017505 40.714035152937456),E-F
86th St,POINT (-73.96882849456208 40.785823379651546),A-B-C
96th St,POINT (-73.96460245655115 40.79161913124813),A-B-C
Cathedral Pkwy (110th St),POINT (-73.96684700014322 40.803967333016914),1
116th St - Columbia University,POINT (-73.96410999793578 40.807722334261875),1
125th St,POINT (-73.94549500019218 40.807754332840474),3-Feb
135th St,POINT (-73.94077000029493 40.81422933347776),3-Feb
149th St - Grand Concourse,POINT (-73.92738475430822 40.81830377684673),4
116th St,POINT (-73.94962500105149 40.80209833254597),3-Feb
Tremont Ave,POINT (-73.90522700088017 40.85041033318809),B-D
182nd-183rd Sts,POINT (-73.90074099926748 40.8560933318779),B-D
137th St - City College,POINT (-73.95367600034153 40.82200833264513),1
145th St,POINT (-73.93624499890744 40.82042133297881),3
176th St,POINT (-73.91179399805148 40.84848033423412),4
Burnside Ave,POINT (-73.90768400066499 40.853453334428735),4
170th St,POINT (-73.91339999796051 40.83930633332876),B-D
174th-175th Sts,POINT (-73.91013600003978 40.84590033357212),B-D
168th St,POINT (-73.94013299889706 40.84055633285503),1
181st St,POINT (-73.93359599981648 40.849505333296115),1
168th St,POINT (-73.93956099987895 40.84071933346529),A-C
191st St,POINT (-73.9294119976112 40.855225335009216),1
175th St,POINT (-73.93970399673837 40.84739133395404),A
Beach 44th St,POINT (-73.77601299886851 40.59294333262581),A
Beach 60th St,POINT (-73.78852199717782 40.59237433461577),A
Beach 105th St,POINT (-73.82758074931665 40.583268770978755),A-S
Beach 98th St,POINT (-73.82052058872064 40.58538602425417),A-S
Rockaway Park - Beach 116 St,POINT (-73.83559008596322 40.58095619916644),A-S
Beach 90th St,POINT (-73.81365140294552 40.58809189768098),A-S
Beach 36th St,POINT (-73.76817499792809 40.59539833456184),A
Beach 25th St,POINT (-73.76135299673638 40.60006633421964),A
Parsons Blvd,POINT (-73.8032889987805 40.70757233327444),F
169th St,POINT (-73.79347419781826 40.71051783638578),F
103rd St - Corona Plaza,POINT (-73.8626999970616 40.7498653343015),7
111th St,POINT (-73.85533399729226 40.751730332999585),7
63rd Dr - Rego Park,POINT (-73.86161820029058 40.72976430547176),E-M-R
Grant Ave,POINT (-73.86504999808713 40.67704433385241),A-S
79th St,POINT (-73.97991700040643 40.78393433274081),2-Jan
Atlantic Ave,POINT (-73.90309699915753 40.675344999443105),L
Christopher St - Sheridan Sq,POINT (-74.002905998897 40.73342233397504),2-Jan
E 149th St,POINT (-73.90409799796717 40.812118331738084),6
Ozone Park - Lefferts Blvd,POINT (-73.8257979983959 40.68595133199964),A-S
Times Sq - 42nd St,POINT (-73.98769099766001 40.75547733499068),7-7 Express
77th St,POINT (-73.9598739980726 40.77362033401498),4-6-6 Express
Woodside - 61st St,POINT (-73.90298400085238 40.74563033401391),7-7 Express
111th St,POINT (-73.83216299793189 40.68433133342542),A-S
Flushing - Main St,POINT (-73.83003000183344 40.75960033237315),7-7 Express
W 8th St - NY Aquarium,POINT (-73.97595787404076 40.57603415120005),F-Q
28th St,POINT (-73.99336500139277 40.74721533235655),2-Jan
28th St,POINT (-73.98426400149621 40.74307033282793),4-6-6 Express
Pelham Bay Park,POINT (-73.82812099995719 40.852462333145894),6-6 Express
Westchester Sq - E Tremont Ave,POINT (-73.84295199835405 40.839892334397746),6-6 Express
18th St,POINT (-73.99787100112236 40.741040332966726),2-Jan
Grand Central - 42nd St,POINT (-73.97671329936165 40.75180776311499),4-5-6-6 Express
Grand Central - 42nd St,POINT (-73.9760410011979 40.75143133351694),7-7 Express
Canal St,POINT (-74.00019299900356 40.718803334727426),4-6-6 Express
Beach 67th St,POINT (-73.79692399899525 40.590927334290434),A
W 4th St - Washington Sq (Upper),POINT (-74.00049500225549 40.73233833138155),A-C-E
67th Ave,POINT (-73.85286048368066 40.72650580934677),E-M-R
85th St - Forest Pky,POINT (-73.86008699933834 40.692427333043625),J
Woodhaven Blvd,POINT (-73.85205199698804 40.69370433254967),J-Z
111th St,POINT (-73.83679338317 40.69711514442172),J
121st St,POINT (-73.82834899922645 40.70048233167487),J-Z
Sutphin Blvd - Archer Av,POINT (-73.80800471916443 40.70038275752361),E-J-Z
Halsey St,POINT (-73.90393400047114 40.69551833448191),L
Myrtle Ave,POINT (-73.91097571780219 40.69947139533809),L
New Lots Ave,POINT (-73.8841107078647 40.666315265574426),4-Mar
Van Siclen Ave,POINT (-73.88940491629894 40.66551829666946),4-Mar
Pennsylvania Ave,POINT (-73.89488591124234 40.66471478435396),4-Mar
Van Siclen Ave,POINT (-73.89035799977019 40.67271033212401),A-C
Van Siclen Ave,POINT (-73.89165772599068 40.67802854813373),J-Z
Cleveland St,POINT (-73.8851940012429 40.679778332299975),J
Livonia Ave,POINT (-73.90056237156317 40.664057604182275),L
Sutter Ave,POINT (-73.90191599959435 40.66914533375269),L
Junius St,POINT (-73.90244864097313 40.66358933490929),4-Mar
Rockaway Ave,POINT (-73.9089583356391 40.66261782103152),4-Mar
Canarsie - Rockaway Pkwy,POINT (-73.901849999934 40.64665400044553),L
E 105th St,POINT (-73.89954769314163 40.650469118412055),L
Saratoga Ave,POINT (-73.91633024966043 40.66153012321424),4-Mar
Sutter Ave - Rutland Road,POINT (-73.92252118506703 40.664767122207614),4-Mar
New Lots Ave,POINT (-73.89927796012282 40.65891510689037),L
Far Rockaway - Mott Ave,POINT (-73.7554049978951 40.60399533472034),A
Chauncey St,POINT (-73.91038356930946 40.682851634494526),J-Z
Broadway Junction,POINT (-73.9042899974254 40.679366334574624),J-Z
Halsey St,POINT (-73.91663888395097 40.68641560444364),J
Alabama Ave,POINT (-73.89852600099044 40.67699833360107),J
Shepherd Ave,POINT (-73.88074999710298 40.67413033485932),A-C
Norwood Ave,POINT (-73.87962599833826 40.68152033389478),J-Z
Crescent St,POINT (-73.87392925190409 40.68315299047885),J-Z
Cypress Hills,POINT (-73.87332199828757 40.689616334196266),J
75th St - Eldert Ln,POINT (-73.8672879987574 40.69129033462167),J-Z
69th St,POINT (-73.89640299838608 40.746325332824334),7
74th St - Broadway,POINT (-73.8912051283828 40.746867907409886),7
65th St,POINT (-73.89878837766967 40.74971986271151),E-M-R
Woodhaven Blvd - Queens Mall,POINT (-73.86943208499206 40.73309770715039),E-M-R
Wyckoff Ave,POINT (-73.91217899875637 40.699454334648586),M
Seneca Ave,POINT (-73.9075819984298 40.70291933262727),M
DeKalb Ave,POINT (-73.91823200153044 40.70369333256863),L
52nd St,POINT (-73.91254899814022 40.7441493343501),7
46th St,POINT (-73.91352175005927 40.75631728599804),E-M-R
Northern Blvd,POINT (-73.90606508028196 40.75282516296223),E-M-R
46th St,POINT (-73.91843500055474 40.74313233412849),7
82nd St - Jackson Hts,POINT (-73.88369699986349 40.74765933320238),7
90th St - Elmhurst Av,POINT (-73.87661299894202 40.748408334002924),7
Grand Ave - Newtown,POINT (-73.87722085593703 40.73681375120887),E-M-R
Elmhurst Ave,POINT (-73.88203474588971 40.74237041300368),E-M-R
Howard Beach - JFK Airport,POINT (-73.83030099930434 40.660476333123206),A
Aqueduct - North Conduit Av,POINT (-73.83405799882622 40.66823433458028),A
104th-102nd Sts,POINT (-73.84443499900195 40.695166331888885),J-Z
Briarwood - Van Wyck Blvd,POINT (-73.82069263553905 40.709162148863335),E-F
Forest Hills - 71st Av,POINT (-73.84451671920691 40.72159464293687),E-F-M-R
Sutphin Blvd,POINT (-73.81083299827169 40.70541833253),F
Jamaica - Van Wyck,POINT (-73.81701287026034 40.70289888659826),E
Jamaica Ctr - Parsons / Archer,POINT (-73.80109632198113 40.70206770924661),E-J-Z
Simpson St,POINT (-73.89306639471833 40.82397717486102),5-Feb
Freeman St,POINT (-73.89175225285328 40.8299877799453),5-Feb
225th St,POINT (-73.86021461686795 40.88802859157574),5-Feb
Elder Ave,POINT (-73.87915899781727 40.82858433457284),6
Morrison Av - Soundview,POINT (-73.87451599884423 40.829521335098256),6
Longwood Ave,POINT (-73.89643499864899 40.81610433364345),6
Astoria Blvd,POINT (-73.91809500082121 40.770037332517354),N-Q
Astoria - Ditmars Blvd,POINT (-73.91203400018503 40.7750359996785),N-Q
Jackson Ave,POINT (-73.90770193853471 40.816437799808796),5-Feb
Prospect Ave,POINT (-73.9017777862438 40.81948759780675),5-Feb
Cypress Ave,POINT (-73.91404199941688 40.80536833435186),6
Whitlock Ave,POINT (-73.88628299832433 40.82652533380191),6
Intervale Ave,POINT (-73.8966173835841 40.82214246442492),5-Feb
174th St,POINT (-73.88769359751684 40.837195883313186),5-Feb
Pelham Pkwy,POINT (-73.86748067761889 40.85719274250162),5-Feb
Allerton Ave,POINT (-73.86723422776349 40.86548371157605),5-Feb
E 143rd St - St Mary's St,POINT (-73.90765699883949 40.808719334136455),6
Kingsbridge Rd,POINT (-73.89717400101911 40.867760333744734),4
Bedford Park Blvd - Lehman College,POINT (-73.89006400056154 40.8734123326929),4
Harlem - 148 St,POINT (-73.93646999991873 40.82388033407589),3
Mt Eden Ave,POINT (-73.91468499864928 40.844434333833284),4
Fordham Rd,POINT (-73.89774900076851 40.86129633182038),B-D
170th St,POINT (-73.91779099709355 40.84007533283499),4
Kingsbridge Rd,POINT (-73.89350900003097 40.86697833331913),B-D
Bedford Park Blvd,POINT (-73.88713799869915 40.87324433171974),B-D
Marble Hill - 225th St,POINT (-73.90983099891776 40.87456133275337),1
231st St,POINT (-73.90483400042638 40.87885633187432),1
215th St,POINT (-73.91527899930841 40.869444332904905),1
207th St,POINT (-73.91881900072042 40.864614333714016),1
Inwood - 207th St,POINT (-73.91989900076265 40.8680723332653),A
238th St,POINT (-73.90086999936261 40.884667334326366),1
Van Cortlandt Park - 242nd St,POINT (-73.89858299979814 40.88924833345021),1
West Farms Sq - E Tremont Av,POINT (-73.87996127809559 40.84020796544077),5-Feb
St Lawrence Ave,POINT (-73.86761799826303 40.83150933406975),6
Bronx Park East,POINT (-73.86835609123708 40.848768999811156),5-Feb
Gun Hill Rd,POINT (-73.86613410422373 40.87783971871569),5-Feb
219th St,POINT (-73.8625097074803 40.88388830753444),5-Feb
Mosholu Pkwy,POINT (-73.88465499988884 40.87975033296914),4
Norwood - 205th St,POINT (-73.87885499849918 40.874811333682345),D
Burke Ave,POINT (-73.86705361677089 40.87125913561442),5-Feb
Baychester Ave,POINT (-73.83859099777192 40.87866333374528),5
Eastchester - Dyre Ave,POINT (-73.83083400082742 40.88830033249039),5
Jamaica - 179th St,POINT (-73.78381700044153 40.712645999940975),F
Wakefield - 241st St,POINT (-73.85061999835273 40.90312533408352),2
Botanic Garden,POINT (-73.95924499975295 40.670342999976114),S
Bushwick - Aberdeen,POINT (-73.90526176227334 40.682860958491204),L
Wilson Ave,POINT (-73.90395860493146 40.68886687533081),L
Broadway Junction,POINT (-73.90311757843438 40.67845658203403),L
Gun Hill Rd,POINT (-73.84638400102972 40.86952633288799),5
E 180th St,POINT (-73.87334609435007 40.84186337449904),5-Feb
Dyckman St,POINT (-73.92553599977501 40.86053133457367),1
125th St,POINT (-73.95837200092977 40.8155813329265),1
Park Pl,POINT (-73.95762400033107 40.674771999887255),S
Franklin Ave - Fulton St,POINT (-73.95582700108798 40.68059599942808),S
Nereid Ave (238 St),POINT (-73.85431530997917 40.898286849118136),5-Feb
149th St - Grand Concourse,POINT (-73.9267224745775 40.81833047711118),5-Feb
3rd Ave - 149th St,POINT (-73.91779152703793 40.816029585709344),5-Feb
161st St - Yankee Stadium,POINT (-73.92569199495203 40.82823066063588),4
167th St,POINT (-73.92139999756648 40.83553733302143),4
Brook Ave,POINT (-73.9192399981735 40.80756633325041),6
33rd St,POINT (-73.93099699873846 40.744587333592726),7
40th St,POINT (-73.9240159980613 40.743781334697424),7
145th St,POINT (-73.94408792835779 40.82476669406457),A-B-C-D
155th St,POINT (-73.93820899809954 40.83013533321578),B-D
161st St - Yankee Stadium,POINT (-73.92565099751474 40.82790533241327),B-D
167th St,POINT (-73.91843200077082 40.83376933205918),B-D
Ralph Ave,POINT (-73.92078599919046 40.678822334523645),A-C
Utica Ave,POINT (-73.93072899845322 40.67936433301651),A-C
36th St,POINT (-73.92901818470385 40.751960377482355),E-M-R
Steinway St,POINT (-73.92052647104094 40.756987692724486),E-M-R
Kosciuszko St,POINT (-73.92850899856917 40.69317233423697),J
Gates Ave,POINT (-73.92215600058701 40.68958433256818),J-Z
Central Ave,POINT (-73.9272429982954 40.69787333339047),M
Knickerbocker Ave,POINT (-73.91972000097114 40.698660334772896),M
Broadway,POINT (-73.92582299856429 40.761432332024945),N-Q
30th Ave,POINT (-73.92147900005995 40.76677899973269),N-Q
Jefferson St,POINT (-73.92291299953057 40.706606999359956),L
Morgan Ave,POINT (-73.93314699998834 40.70615200009972),L
Queens Plz,POINT (-73.937138239261 40.748918053128584),E-M-R
18th Ave,POINT (-73.97697099987755 40.62975500011662),F
Ditmas Ave,POINT (-73.9781719999271 40.63611899980037),F
77th St,POINT (-74.02550999958477 40.62974200015178),R
Bay Ridge Ave,POINT (-74.0233769992409 40.63496700028034),R
55th St,POINT (-73.99534882553118 40.631479094385625),D
50th St,POINT (-73.99465878009656 40.636261224383965),D
Ft Hamilton Pkwy,POINT (-74.00535100072418 40.631386000144154),N
8th Ave,POINT (-74.01151599735913 40.63497133283626),N
25th Ave,POINT (-73.9868290001644 40.59770400016762),D
Bay Pky,POINT (-73.99367619974002 40.601950795212716),D
20th Ave,POINT (-73.98452199841243 40.61710933301559),N
18th Ave,POINT (-73.99045399859853 40.620687331248675),N
Bay Ridge - 95th St,POINT (-74.0308760006303 40.6166220006113),R
86th St,POINT (-74.0283980002836 40.62268700032295),R
79th St,POINT (-74.000582873947 40.613159259344464),D
71st St,POINT (-73.9988409490545 40.61925904300817),D
20th Ave,POINT (-73.99817432102677 40.604677331055306),D
18th Ave,POINT (-74.00159259254073 40.607736065209444),D
62nd St,POINT (-73.99685725051668 40.626224796104694),D
New Utrecht Ave,POINT (-73.99635300046697 40.624842000193794),N
Ave U,POINT (-73.97337641904097 40.595925159151875),F
Kings Hwy,POINT (-73.97235530833731 40.60325873883345),F
Brighton Beach,POINT (-73.96135378572068 40.57771052976751),B-Q
Sheepshead Bay,POINT (-73.95405791182218 40.58654788005143),B-Q
Ave U,POINT (-73.9558112232107 40.5993092845579),B-Q
Kings Hwy,POINT (-73.95760873539083 40.608638978424565),B-Q
Ave U,POINT (-73.97908400087046 40.59723633364408),N
Kings Hwy,POINT (-73.98037300212555 40.60405933336751),N
Neptune Ave,POINT (-73.97459272802236 40.58073909152164),F
Ave X,POINT (-73.97426599930228 40.589449999847005),F
Bay 50th St,POINT (-73.98376500025735 40.588840999864985),D
Gravesend - 86th St,POINT (-73.97818899976669 40.592465333902624),N
Ave P,POINT (-73.97300281528905 40.60884314257858),F
Ave N,POINT (-73.97404850907516 40.61435704529457),F
Bay Pky,POINT (-73.97525697755246 40.62073195620631),F
Ave M,POINT (-73.95924310477643 40.61739807818342),B-Q
Bay Pky,POINT (-73.98178001024034 40.61145612298434),N
Ave I,POINT (-73.97606933193563 40.625017773484714),F
Ave J,POINT (-73.96069316246778 40.625023152905705),B-Q
Ave H,POINT (-73.96151793874012 40.62920871052413),B-Q
Neck Rd,POINT (-73.95507827446252 40.59532202457638),B-Q
21st St - Queensbridge,POINT (-73.94193761381545 40.75373960398463),F
50th St,POINT (-73.98598399999051 40.762456332634045),A-C-E
7th Ave,POINT (-73.98169782381285 40.76297048549053),B-D-E
47th-50th Sts - Rockefeller Ctr,POINT (-73.9813310021191 40.75864133466554),B-D-F-M
57th St,POINT (-73.97736800130777 40.76408533390238),F
Lexington Ave - 63rd St,POINT (-73.96608964340214 40.764618428150776),F
Roosevelt Island - Main St,POINT (-73.95323500002728 40.75917233330991),F
59th St - Columbus Circle,POINT (-73.98164872336676 40.768249864983254),A-B-C-D
49th St,POINT (-73.98420956580891 40.75980230703365),N-Q-R
57th St,POINT (-73.98072973313602 40.76456585850871),N-Q-R
5th Ave - 59th St,POINT (-73.9733470001843 40.76481133275182),N-Q-R
Lexington Ave - 59th St,POINT (-73.9673750166445 40.762709188743855),N-Q-R
34th St - Penn Station,POINT (-73.99105699933416 40.75037333357704),1/2/03
Times Sq - 42nd St,POINT (-73.98749500043364 40.75529033316711),1/2/03
Broadway - Nassau St,POINT (-74.00762309342792 40.71016249872167),A-C
Chambers St,POINT (-74.0085847360681 40.714111334148996),A-C
42nd St - Port Authority Bus Term,POINT (-73.98973500043815 40.75730833180808),A-C-E
Myrtle-Willoughby Aves,POINT (-73.94906699828155 40.69461933256742),G
Flushing Ave,POINT (-73.9502340005062 40.70037699951844),G
23rd St,POINT (-73.99276500454658 40.74295465088764),F-M
Herald Sq - 34th St,POINT (-73.98777189015544 40.74978973294837),B-D-F-M
Hoyt - Schermerhorn Sts,POINT (-73.9850362399565 40.68840880947581),A-C-G
Jay St - Borough Hall,POINT (-73.98721815311183 40.69247097044472),A-C-F
East Broadway,POINT (-73.99017700117365 40.71385533408638),F
Delancey St,POINT (-73.98807806837901 40.718681075658196),F
Lower East Side - 2nd Ave,POINT (-73.98993799949149 40.7234019995008),F
Flushing Ave,POINT (-73.94137734825632 40.70040473673457),J-M
Myrtle Ave,POINT (-73.93562300040674 40.69719533361235),J-M-Z
4th Ave,POINT (-73.98977899967635 40.67027200058139),F-G
Smith - 9th Sts,POINT (-73.99589172757463 40.673641394609135),F-G
Bergen St,POINT (-73.99075649550757 40.68611088098272),F-G
Lawrence St,POINT (-73.98605667829878 40.69225572936931),N-R
Court St,POINT (-73.99181830913483 40.694196814120716),N-R
Union Sq - 14th St,POINT (-73.9905388616843 40.73587260060109),N-Q-R
23rd St,POINT (-73.98934400045437 40.74130300016866),N-R
Prospect Ave,POINT (-73.99287200058961 40.665414000093335),D-N-R
9th St,POINT (-73.988301999704 40.67084700022307),D-N-R
3rd Ave,POINT (-73.98575000098694 40.73269133261918),L
Union Sq - 14th St,POINT (-73.99066976943084 40.73476364552659),L
Liberty Ave,POINT (-73.89654800075247 40.67454233286892),A-C
Broadway Junction,POINT (-73.90531600029104 40.67833399982758),A-C
59th St,POINT (-74.01788099968473 40.64136199944241),N-R
45th St,POINT (-74.01000600035954 40.648938999878794),N-R
36th St,POINT (-74.00354899956925 40.655143999751665),D-N-R
9th Ave,POINT (-73.99444874408546 40.64648441084645),D
53rd St,POINT (-74.01403400049048 40.645069000509004),N-R
Ft Hamilton Pkwy,POINT (-73.99420223752828 40.64091304459246),D
25th St,POINT (-73.99809099983285 40.66039700032125),D-N-R
Carroll St,POINT (-73.99494697982026 40.68027368469693),F-G
Spring St,POINT (-74.00373899872902 40.7262273349522),A-C-E
181st St,POINT (-73.93796900163554 40.85169533266245),A
190th St,POINT (-73.93417999937553 40.859022332220405),A
116th St,POINT (-73.95479778092779 40.805058467107635),A-B-C
125th St,POINT (-73.95224799754361 40.81107200632826),A-B-C-D
Prince St,POINT (-73.99770200007194 40.72432899922576),N-R
8th St - NYU,POINT (-73.9925079989093 40.730465331990395),N-R
Fulton St,POINT (-74.00657100024912 40.70941633229353),3-Feb
Park Pl,POINT (-74.00881099987163 40.713051332200514),3-Feb
Chambers St,POINT (-74.00926600172447 40.71547833317367),1/2/03
Hoyt St,POINT (-73.98506379611653 40.69054451845209),3-Feb
Borough Hall,POINT (-73.98999799906535 40.69321933265995),3-Feb
183rd St,POINT (-73.9038790007054 40.85840733349188),4
Fordham Rd,POINT (-73.90103399833198 40.86280333320703),4
World Trade Center,POINT (-74.00974461478488 40.71256426010712),E
Canal St - Holland Tunnel,POINT (-74.00522900191194 40.72082433307871),A-C-E
155th St,POINT (-73.94151400028585 40.83051833300836),A-C
163rd St - Amsterdam Av,POINT (-73.93989200159317 40.836013332605724),A-C
Fulton St,POINT (-74.0079380008774 40.71002299961088),J-Z
Chambers St,POINT (-74.00340673089009 40.7132341227328),J-Z
Canal St,POINT (-73.99982638555147 40.71817420996139),J-Z
City Hall,POINT (-74.00698581794778 40.713272664531246),N-R
Canal St,POINT (-74.00182599973189 40.71946533477728),N-R
South Ferry,POINT (-74.01316895983936 40.70173084095291),1
Bowling Green,POINT (-74.01400799848199 40.70491433249645),5-Apr
Wall St,POINT (-74.01186199920538 40.707557334362484),5-Apr
Whitehall St,POINT (-74.01300723736433 40.70314270735986),N-R
Rector St,POINT (-74.01297456237413 40.70774508995048),N-R
Fresh Pond Rd,POINT (-73.89589800086416 40.70622633198259),M
Middle Village - Metropolitan Ave,POINT (-73.88957722978766 40.71143163827924),M
Rector St,POINT (-74.01378300080631 40.70751333304196),1
Cortlandt St (Temporarily Closed),POINT (-74.01218800069755 40.71183533452517),1
Fulton St,POINT (-74.0095089987439 40.71036833193085),5-Apr
Broad St,POINT (-74.01105600048923 40.70647633411761),J-Z
Cortlandt St (NB only),POINT (-74.0111319648397 40.710513317670305),N-R
Wall St,POINT (-74.00909999899459 40.70682133279038),3-Feb
Dyckman St,POINT (-73.92727099913175 40.86549133254293),A
Grand St,POINT (-73.99375299925896 40.71826733292375),B-D
Broadway - Lafayette St,POINT (-73.99620399840286 40.725297332299235),B-D-F-M
Bowery,POINT (-73.99380690672811 40.72024721673806),J-Z
Canal St,POINT (-74.00105471253056 40.71881459682263),N-Q
23rd St,POINT (-73.99804100061175 40.745906332964005),A-C-E
34th St - Penn Station,POINT (-73.99339099930413 40.752287334131175),A-C-E
Jackson Hts - Roosevelt Av,POINT (-73.89129866498959 40.74654002448512),E-F-M-R
14th St,POINT (-74.00020100059422 40.737826333308426),1/2/03
135th St,POINT (-73.94753480832401 40.817905892108634),A-B-C
14th St,POINT (-73.99620899891177 40.73822833288366),F-M
6th Ave,POINT (-73.99775078872293 40.737741803112115),L
8th Ave,POINT (-74.0025780004777 40.73977700012131),L
14th St,POINT (-74.00168999943754 40.74089333363853),A-C-E
Nostrand Ave,POINT (-73.95042624893824 40.66993848398767),4-Mar
Clark St,POINT (-73.99308599832662 40.69746633298482),3-Feb
Franklin Ave,POINT (-73.95684799980513 40.6813799997593),A-C
Clinton - Washington Aves,POINT (-73.96583799868554 40.683263332875605),A-C
Forest Ave,POINT (-73.90307499994645 40.70441233402832),M
110th St,POINT (-73.94424999696717 40.79502033352402),4-6-6 Express
86th St,POINT (-73.95558899978455 40.77949233177087),4-5-6-6 Express
York St,POINT (-73.98688499982453 40.69974300092185),F
High St,POINT (-73.99053100095567 40.69933733273785),A-C
Lafayette Ave,POINT (-73.97394599824162 40.686113333301115),A-C
President St,POINT (-73.95058920055888 40.667883936572196),5-Feb
Woodlawn,POINT (-73.87875099890881 40.88603733314497),4
Bleecker St (Uptown),POINT (-73.99465900013325 40.72591499972982),4-6-6 Express
103rd St,POINT (-73.94747800151542 40.790600332975615),4-6-6 Express
Euclid Ave,POINT (-73.87210599994208 40.67537733193324),A-C-S
88th St,POINT (-73.8514699989356 40.67984333439131),A-S
Cortelyou Rd,POINT (-73.96379005494865 40.640940498719964),B-Q
116th St,POINT (-73.9416169982848 40.79862933384588),4-6-6 Express
Parkchester,POINT (-73.86081599995809 40.83322633218034),6-6 Express
Franklin St,POINT (-74.00688600226555 40.71931833420651),2-Jan
80th St,POINT (-73.85899200121291 40.679371334570604),A-S
5th Ave - Bryant Pk,POINT (-73.98196299871373 40.75382133359373),7-7 Express
Spring St,POINT (-73.99714099950617 40.72230133331719),4-6-6 Express
125th St,POINT (-73.93759400019064 40.804138334029325),4-5-6-6 Express
Coney Island - Stillwell Av,POINT (-73.98123599855974 40.57728133344397),D-F-N-Q